index,text,emotion
0,अरे! तुम्हारा लड़का बड़ा उजड्ड है!,surprise
1,अरे! न-जाने कहाँ चला गया,surprise
2,तब तो मेरा घर में रहना भी मुश्किल हो जायगा!,fear
3,तुम क्या बक रहे हो?,surprise
4,मैं अब इस मनहूसत का अन्त कर देना चाहता हूँ,angry
5,“पड़ने दो बैल का जन्म लिया है तो मार से कहां तक बचेंगे”,disgust
6,“मालकिन मुझे मार ही डालेंगी”,fear
7,4 लीला का स्वास्थ्य पहले भी कुछ अच्छा न था अब तो वह और भी बेजान हो गयी,sad
8,५ मिनट में ऑटो बुक कर सकते हो क्या,neutral
9,अगर तू यहाँ थोड़ी देर तक भी दिखाई दिया तो मैं स्वयं को न सँभाल सकूँगा और तुझे कठोर दंड दूँगा,angry
10,अगले महीने की फ्लाइट की टिकट करा दो बेंगलुरु से दिल्ली की,neutral
11,अचानक आसमान में रंग-बिरंगे गुब्बारे दिखे और बच्चों के चेहरे पर हैरानी थी।,surprise
12,अचानक उसके फोन पर एक अजीब संदेश आया और वह हैरान रह गया।,surprise
13,अचानक उसे अपने कंधे पर किसी का हाथ महसूस हुआ और वह डर के मारे चिल्ला उठी जैसे कोई अदृश्य शक्ति उसे छू रही हो।,fear
14,अचानक उसे अपने कंधे पर किसी का हाथ महसूस हुआ और वह डर के मारे चिल्ला उठी।,fear
15,अचानक उसे महसूस हुआ कि उसका कमरा बहुत ठंडा हो गया है और उसे किसी अनदेखी शक्ति का आभास हुआ जिससे वह घबरा गया।,fear
16,अचानक उसे महसूस हुआ कि उसका कमरा बहुत ठंडा हो गया है और उसे किसी अनदेखी शक्ति का आभास हुआ।,fear
17,अचानक उसे महसूस हुआ कि उसके बिस्तर के नीचे कोई छुपा हुआ है और वह डर के मारे उठ बैठा।,fear
18,अचानक उसे लगा कि कोई उसके बगल में बैठा है जबकि कमरे में और कोई नहीं था और वह डर के मारे उठ बैठी।,fear
19,अचानक उसे लगा कि कोई उसके बगल में बैठा है जबकि कमरे में और कोई नहीं था।,fear
20,अचानक बिजली का तेज झटका लगा और हम सब चौंक उठे।,surprise
21,अचानक बिजली का तेज झटका लगा।,surprise
22,अचानक बिजली चली गई और उसे लगा कि कोई उसके करीब आ रहा है जिससे वह डर के मारे कांपने लगा और उसने अपनी आंखें बंद कर लीं।,fear
23,अचानक बिजली चली गई और उसे लगा कि कोई उसके करीब आ रहा है।,fear
24,अचानक बिजली चली गई और पूरा घर अंधेरे में डूब गया जिससे बच्चे डर के मारे चिल्ला उठे।,fear
25,अलगू चौधरी फूले न समाये,happy
26,अरे! यह भी कोई अच्छे लच्छन हैं,angry
27,अरे! यह किसने फेंका है? बहुत गंदा लग रहा है।,disgust
28,अरे यह तो बहुत ही गंदा है इसे तुरंत साफ करो।,disgust
29,अरे यह जगह तो पूरी तरह से गंदगी से भरी हुई है।,disgust
30,अरे मुझे तो यकीन ही नहीं हो रहा है कि यह वही व्यक्ति है जिसे मैं जानता हूं।,surprise
31,अरे तुमने ये जूते इतने गंदे क्यों कर लिए हैं?,disgust
32,अरे तुमने यह सड़े हुए फल क्यों रखे हैं? कितनी गंदगी है!,disgust
33,अरे इस गंदगी को देखकर मुझे तो उल्टी आ रही है।,disgust
34,अरे वाह!मजे से खा रहे हैं,happy
35,अरे वाह! लोग आपस में गले मिल रहे हैं,happy
36,अरे वाह! लड़के सबसे ज्यादा प्रसन्न हैं,surprise
37,अरे वाह! इन्हीं अनगिनती पैसों में अनगिनती चीजें लायेंगें- खिलौने मिठाइयाँ बिगुल गेंद और जाने क्या-क्या,happy
38,अरे वाह! अम्मीजान अल्लाह मियाँ के घर से उसके लिए बड़ी अच्छी-अच्छी चीजें लाने गयी हैं इसलिए हामिद प्रसन्न है,happy
39,अरे वाह क्या सर्विस है,happy
40,अरे वाह क्या बात है,happy
41,अरे वाह इतनी जल्दी हो भी गया,happy
42,अरे वाह !स्कूल में सब अध्यापक उससे बहुत प्रभावित थे और उसकी तारीफ करते थे,surprise
43,अरे वाह,happy
44,अरे ये चैनल्स क्यों नहीं आ रहा चूतिये,angry
45,अरे ये चैनल कैसे लॉक हो गया गधे,angry
46,अरे ये कैसे होगा यार,sad
47,अरे यार ये कैब वाला लगता है परसों आएगा,sad
48,अरे यार कस्टमर केयर को कॉल लगाते लगाते परेशान हो गया हु,sad
49,अरे बोलो भाई,sad
50,अरे बाप रे! मुझे यह सुनकर हैरानी हो रही है कि तुमने इतनी जल्दी सब कुछ सीख लिया।,surprise
51,अरे बढ़िया एक हेल्प कर दो सारथी,neutral
52,अरे बढ़िया,happy
53,अरे देखो हिंडोला है एक पैसा देकर चढ़ जाओ,surprise
54,अमीना का दिल कचोट रहा है | बहुत दुख की बात है!,sad
55,अभी तुम इन लोगों के पीछे नंगी तलवारें लिए खड़े रहो,angry
56,अभी तक साले ने डिलीवरी नहीं दी,angry
57,अभी के अभी बुक करो,neutral
58,अभागे के पास तीन पैसे हैं,sad
59,अभागिन अमीना अपनी कोठरी में बैठी रो रही है,sad
60,अबे रिचार्ज कर चुप चाप से,angry
61,अबे ये एप्प कितना फसता है,angry
62,अबे भोसड़ीके,angry
63,अबे चूतियों वाली बातें मत करो,angry
64,अबे गांडू हो क्या ?,angry
65,अबे क्या मुझे तू उल्लू समझ रहा है,angry
66,अबे एक ओयो बुक कर दो भाई के लिए,neutral
67,अब हामिद अपनी बूढ़ी दादी अमीना की गोद में सोता है और उतना ही प्रसन्न है,neutral
68,अब सुख की लालसा नहीं है,sad
69,अब मेरे सामने इसके अलावा कोई रास्ता नहीं रहा कि मैं भीख माँग कर पेट पालूँ,fear
70,अब मिले तो उस कलमुँही की बोटियाँ नोच लूँ,angry
71,अब तो यहाँ से यूँ ही वापस नहीं जा सकती,fear
72,अब तो कुल दो आने पैसे बच रहे हैं | अफसोस!,sad
73,अब तुम्हें चाँदी के पिंजड़े में रखूँगा और सोने से मढ़ दूँगा,happy
74,अब जल्दी पड़ी है कि लोग ईदगाह क्यों नहीं चलते,neutral
75,अब चारों ओर अन्धकार था,surprise
76,अब क्या करूँ,neutral
77,अब उसने द्वार खोल दिये और खड़ी बुली रही है,happy
78,अफसोस! इस अंधकार और निराशा में वह डूबी जा रही है,sad
79,अपने पैसे क्यों नहीं निकालते,angry
80,अपने कोष का एक तिहाई जरा-सा चक्कर खाने के लिए नहीं दे सकता,sad
81,अपने आप को समझ क्या रखा है तूने कुत्ते,angry
82,अपनी गलती का एहसास कर भीम सिंह ने रामलाल से माफ़ी मांगी,fear
83,अपना-अपना दिल ही तो है,neutral
84,अपना पैक अपने पास रख,angry
85,अंधेरे कमरे में घुसते ही उसे एक डरावनी आवाज सुनाई दी और वह पीछे हट गई।,fear
86,अंधेरे कमरे में घुसते ही उसे एक डरावनी आवाज सुनाई दी और वह पीछे हट गई उसका दिल तेजी से धड़कने लगा।,fear
87,अंधेरी रात में किसी के कदमों की आहट सुनकर उसके दिल की धड़कनें तेज हो गईं।,fear
88,अंधेरी गली में चलते समय उसे लगा कि कोई उसका पीछा कर रहा है।,fear
89,अंदर लीला जमीन पर पड़ी हुई रो रही थी,sad
90,अंतिम समय कब तक है रिचार्ज करने की,neutral
91,अंतिम तिथि क्या है मेरे अकाउंट बंद होने की,neutral
92,अंत में सब ओर से निराश होकर जहाज के कप्तान के पास गया और उसके पाँवों पर लौटने लगा,fear
93,अजीब पागल हो तुम बे,angry
94,अच्छे बुकिंग के लिए धन्यवाद,happy
95,अच्छी कैब मिल गयी  वाह ! !,happy
96,अच्छा हुआ अकाउंट बंद नहीं हुआ,happy
97,अच्छा काम किया भाई,happy
98,अच्छा एक्सपीरिएंस नहीं था,sad
99,अचानक मैंने एक सुंदर पंछी देखा।,surprise
100,अचानक मैंने एक सुंदर पंछी देखा।,surprise
101,अचानक मेरी कार के टायर पंचर हो गए।,surprise
102,अचानक मेरी कार के टायर पंचर हो गए।,surprise
103,अचानक मुझे एक पुरानी तस्वीर मिली।,surprise
104,अचानक मुझे एक पुराना दोस्त मिल गया।,surprise
105,अचानक मुझे एक पुराना दोस्त मिल गया।,surprise
106,अचानक मुझे एक चिट्ठी मिली।,surprise
107,अचानक मुझे एक चिट्ठी मिली।,surprise
108,अचानक मुझे एक अनजान फोन कॉल आया।,surprise
109,अचानक मुझे एक अनजान कॉल आया।,surprise
110,असली चाय के कप में गंदगी देखकर उसने सोचा कि वह कभी भी यहाँ फिर से चाय नहीं पीएगा।,disgust
111,आ हा ! ! ! क्या बात है,happy
112,आ हा ! सारथी तुम बेस्ट हो,happy
113,आ हा सारथी तुम लाजवाब हो,happy
114,आई वॉस एक्सपेक्टिंग मोर,sad
115,आखरी तारीख क्या है बैलेंस एक्सपायर होने में,neutral
116,आगे क्या करना समझ नहीं आ रहा है,neutral
117,आँचल फैलाकर आपसे भीख माँगती हूँ उसको क्षमा-दान दीजिए,fear
118,आज आबिद होता तो क्या इसी तरह ईद आती ओर चली जाती,sad
119,आज का तापमान क्या है,neutral
120,आज का मौसम कैसा है,neutral
121,आज का मौसम बताओ,neutral
122,आज का मौसम बहुत बढ़िया है यार,happy
123,आज का सूर्य देखो कितना प्यारा कितना शीतल है यानी संसार को ईद की बधाई दे रहा है,happy
124,आज के दिन काफी सारे काम हो जाते है,neutral
125,आज खूब सजी हुई थीं । वाह!,surprise
126,आज तक की सबसे बेकार सर्विस थी,sad
127,आज तो काफी अच्छा ऑफर चल रहे,happy
128,आज बच्चे होते तो अच्छे-अच्छे कपड़े पहने कैसे उछलते-फिरते,sad
129,आज मज़ा नहीं आया,sad
130,आज मैंने उसे अपने आभूषण पहनकर मुस्कराते हुए देखा तो मेरी आत्मा पुलकित हो उठी,happy
131,आजका मौसम गन्दा है,sad
132,आनंदी को भी क्रोध आ गया,angry
133,आप अपनी सर्विस अपने पास रखो,angry
134,आप ऐसे कैसे मेरा पैसा काट सकते हो,angry
135,आप भी उसकी लंबी-चौड़ी बातों के धोखे में आ जाते हैं,surprise
136,आप ही सोचो मैं अकेली जान इतनी आँधी भरी रात कहाँ जाऊँगी,fear
137,आपकी यह प्रतिज्ञा अभूतपूर्व है,surprise
138,आपके घर में अब अन्याय और हठ का प्रकोप हो रहा है,angry
139,आपसे बात करके अच्छा लगा,happy
140,आय एम इम्प्रेस्सड,happy
141,आये होये ! ! ! आज तो तूने दिल जीत लिया भाई,happy
142,आश्चर्यचकित कर दिया तुमने,happy
143,आहत सम्मान की व्यथा तो थी ही उस पर मिला सूखा भूसा,disgust
144,इतना अच्छा सर्विस दिया तो ख़ुशी से मै और पैसे दे दूँ,happy
145,इतना मेहेंगा क्यों भोस्डिके,angry
146,इतना सुन्दर होटल है,happy
147,इतनी गंदगी थी वह पर,sad
148,इतनी समझ भी उसे नहीं है कि इस तरह कोई राजा कै घंटे गद्दी पर रह सकता है,disgust
149,इतनी ही देर में ऐसी कायापलट हो गयी कि मेरी जड़ खोदने पर तुला हुआ है,fear
150,इतने काम पैसे में इतना चैनल्स,happy
151,इतने पैसे में कितने दिन चलेंगे,neutral
152,इतने लोग वहाँ गए हैं किंतु यह उपाय किसी को अभी तक नहीं सूझा,surprise
153,इत्ता परेशान मै पहले कभी नहीं हुआ,angry
154,इधर कोई ३ स्टार होटल है आस पास मै,neutral
155,इधर बारिश हुई थी क्या सुबह,neutral
156,इधर बुकिंग कैसे  होता है,neutral
157,इधर से बुकिंग क्यों नहीं हो रहा है,neutral
158,इन चैनल्स की क्लैरिटी सच में बहुत अच्छी है,happy
159,इन पवित्र भावों से उसकी आत्मा विह्वल हो गयी,happy
160,इन बातों में जरा-सा भी झूठ हुआ तो फौरन उसकी गर्दन मारी जाएगी,fear
161,इनका सर्विस समझ के बाहर है,sad
162,इनके सीनियर एग्जीक्यूटिव से कम्प्लेन करनी पड़ेगी,angry
163,इन्हें गृहस्थी की चिंताओं से क्या मतलब!,angry
164,इन्हें बचाना मेरा धर्म है,neutral
165,इस एप के बारे में  और बताओ,neutral
166,इस एप को और बेहतर कर सकते हो,sad
167,इस कपड़े पर लगे दाग तो बिल्कुल सहन नहीं हो रहे।,disgust
168,इस गंदगी को देखकर मैं वास्तव में परेशान हूं।,disgust
169,इस गंदगी को देखकर ही मेरी तबियत बिगड़ रही है।,disgust
170,इस गंदे और सड़े हुए कमरे की स्थिति बहुत ही खराब है।,disgust
171,इस गंदे पानी में हाथ डालना तो मेरे लिए असहनीय है।,disgust
172,इस गंदे बाथरूम की स्थिति देखकर तो मुझे उल्टी आ रही है।,disgust
173,इस गंदे स्थान पर जाकर तो मुझे वाकई घिन आ रही है।,disgust
174,इस घर में उसका काम नहीं लेकिन हामिद,neutral
175,इस जगह की गंदगी तो बिल्कुल असहनीय है।,disgust
176,इस जगह की सफाई बिल्कुल भी ठीक नहीं है।,disgust
177,इस जगह की स्थिति बहुत ही खराब है मुझे यहाँ रहना नहीं आता।,disgust
178,इस मच्छर के आकार को देखकर ही घिन आ रही है।,disgust
179,इस मंत्र को जपते ही उसके चित्त को पूर्ण शांति प्राप्त हो जाती थी,happy
180,इस महीने चल जाएंगे इतने पैसे में,neutral
181,इस मौसम के कारण मै पीड़ित हु,sad
182,इस रसोई की स्थिति देखकर ही मुझे घिन आ रही है।,disgust
183,इस वायु-प्रवाह से झूम उठा गुंजित हो गया,happy
184,इस सड़े हुए टुकड़े को देखकर तो मुझे उल्टी आ रही है।,disgust
185,इस सर्विस से काफी नाराज हु मै,sad
186,इसकी आग कुछ क्षणों में मुझे भस्म कर देगी,fear
187,इसके यहाँ से अब सर्विस नहीं लूंगा,sad
188,इसको भी एक बार चेक करना चाहिए,neutral
189,इसमें रखी एक हजार अशर्फियाँ कहाँ हैं,surprise
190,इसी चिंता में वह गोते खाया करती है किन्तु गोविंदी भी उससे कम चिंतित नहीं है,fear
191,इसी तरह करवा बोल और बुरा व्यवहार भी तुम्हारे रिश्तों को गन्दा कर देता है,disgust
192,इसीलिए कल मैंने आपसे धृष्टता की थी,fear
193,ईश्वर ने लड़के दिये थे ईश्वर ही ने छीन लिये,sad
194,उठ खड़े हुए और जोर से बोले-पंच-परमेश्वर की जय,happy
195,उठने-बैठने की शक्ति भी न रही,sad
196,उधर मर्दाने में धमा-चौकड़ी मची हुई थी,neutral
197,उनका हृदय बड़े वेग से उछलने लगा,fear
198,उन्हें क्या खबर कि चौधरी आँखें बदल लें तो यह सारी ईद मुहर्रम हो जाय,fear
199,उन्हें रियासत से जागीरें मिली हुई हैं हद है।,disgust
200,उन्होंने एक नवीन प्रेमोत्साह से उठकर उसे गले लगा लिया और मुस्कराकर बोले- आज तो तुमने बड़े-बड़े शस्त्रस सजा रखे हैं कहाँ भागूँ,happy
201,उन्होंने खुद वह सब कष्ट झेले हैं जो वह मुझे झेलवाना चाहती हैं,sad
202,उफ्फ इस गंदे सामान को देखकर मेरी तबियत खराब हो रही है।,disgust
203,उफ्फ तुम्हें यह गंदगी क्यों नहीं साफ कर दी?,disgust
204,उफ्फ यह बदबू तो बिल्कुल सहन नहीं हो रही।,disgust
205,उफ्फ यह मच्छरों की भरमार तो बहुत ही नफरतजनक है।,disgust
206,उफ्फ यह सड़े हुए फलों की गंध बहुत ही घिनौनी है।,disgust
207,उस अठन्नी को ईमान की तरह बचाती चली आती थी इसी ईद के लिए लेकिन कल ग्वालन सिर पर सवार हो गयी तो क्या करती,sad
208,उस कोठरी में पड़े-पड़े उसकी दशा बिगड़ती जाती है,sad
209,उस भीड़-भाड़ से बच्चा कहीं खो जाय तो क्या हो,fear
210,उस भूतिया घर के पास से गुजरते हुए उसके पैर कांपने लगे।,fear
211,उस युवक की महाराज से सिफारिश करूँ जो हमारी जड़ खोदने पर तुला हुआ है| हाय राम!,fear
212,उस सुनसान मकान में जाते ही उसे लगा कि वह किसी अनदेखी शक्ति के नियंत्रण में है और उसकी सांसें तेज हो गईं।,fear
213,उस सुनसान मकान में जाते ही उसे लगा कि वह किसी अनदेखी शक्ति के नियंत्रण में है।,fear
214,उस होटल में मज़ा नहीं आया,sad
215,उसका आदर-सत्कार करना तो हमारा धर्म है इसमें कितना आनंद है!,happy
216,उसका चेहरा सफेद पड़ गया जब उसने देखा कि उसके कमरे की अलमारी अपने आप खुल गई है।,fear
217,उसका मुरझाया हुआ मन आशा से लहलहा उठा,happy
218,उसकी अनोखी छवि आँखों में समा गयी,neutral
219,उसकी आँखों में कितनी तृष्णा है तृष्णा नहीं बल्कि ज्वाला,surprise
220,उसकी आंखों में डर साफ झलक रहा था जब उसने देखा कि दरवाजा अपने आप खुल रहा है और उसे लगा कि कोई अदृश्य शक्ति अंदर आ रही है।,fear
221,उसकी आंखों में डर साफ झलक रहा था जब उसने देखा कि दरवाजा अपने आप खुल रहा है।,fear
222,उसकी आंखों में डर साफ झलक रहा था जब उसने देखा कि दरवाजा अपने आप खुल रहा है।,fear
223,उसकी सांसें तेज हो गईं जब उसने देखा कि कोई परछाई तेजी से उसकी तरफ बढ़ रही है और उसने खुद को बचाने के लिए दरवाजा बंद कर लिया।,fear
224,उसकी सांसें तेज हो गईं जब उसने देखा कि कोई परछाई तेजी से उसकी तरफ बढ़ रही है।,fear
225,उसकी सांसें तेज हो गईं जब उसने सुना कि कोई उसके कमरे में आ रहा है।,fear
226,उसकी सांसें थम गईं जब उसने खिड़की के बाहर एक अजनबी चेहरा देखा।,fear
227,उसके अन्दर प्रकाश है बाहर आशा,happy
228,उसके अब्बाजान रूपये कमाने गए हैं,neutral
229,उसके चेहरे पर डर साफ झलक रहा था जब उसने देखा कि उसके कमरे की अलमारी अपने आप खुल गई है और वह घबराकर बिस्तर पर बैठ गया।,fear
230,उसके चेहरे पर डर साफ झलक रहा था जब उसने देखा कि उसके कमरे की दीवारों पर अजीब सी लिखावट है।,fear
231,उसके चेहरे पर डर साफ झलक रहा था जब उसने देखा कि कमरे की दीवारें हिल रही हैं।,fear
232,उसके दोस्त ने उसे दिखाया कि कैसे पुराने गोदाम में गंदगी फैली हुई थी और वह उस दृश्य को देखकर चौंक गया।,disgust
233,उसके दोस्त ने जब उसे बताया कि वह मकान भूतिया है तो वह वहां से तुरंत निकलने का सोचने लगा और डर के मारे कांपने लगा।,fear
234,उसके दोस्त ने जब उसे बताया कि वह मकान भूतिया है तो वह वहां से तुरंत निकलने का सोचने लगा।,fear
235,उसके दोस्त ने बताया कि वह एक महीने के लिए विदेश जा रहा है तो वह चौंक गया।,surprise
236,उसके पति ने बताया कि वे छुट्टियों पर जा रहे हैं और वह आश्चर्यचकित रह गई।,surprise
237,उसके पिताजी ने अचानक बताया कि वे नया घर खरीदने वाले हैं तो वह चौंक गया।,surprise
238,उसके बॉस ने अचानक बताया कि वह अगले महीने छुट्टी पर जा सकता है तो वह चौंक गया।,surprise
239,उसके रोम-रोम से परमात्मा के गुणानुवाद की ध्वनि निकलने लगी,happy
240,उसके शिक्षक ने बताया कि वह क्लास में अव्वल आई है तो वह खुशी से चौंक उठी।,surprise
241,उसने अचानक देखा कि उसकी बालकनी में एक सुंदर सा पंछी बैठा है और वह हैरान रह गई।,surprise
242,उसने अचानक देखा कि उसके खोए हुए कुत्ते को किसी ने वापस ला दिया है और उसकी आँखें खुशी से भर आईं।,surprise
243,उसने अचानक देखा कि उसके हाथ में एक अनजाना पत्र था और वह आश्चर्यचकित रह गया।,surprise
244,उसने अजीब सी आवाजें सुनते ही कमरे का दरवाजा बंद कर लिया और बिस्तर के नीचे छुप गया उसका दिल तेजी से धड़क रहा था।,fear
245,उसने अजीब सी आवाजें सुनते ही कमरे का दरवाजा बंद कर लिया और बिस्तर के नीचे छुप गया।,fear
246,उसने अपने कमरे में एक अजीब सी आहट सुनी और वह डर के मारे बिस्तर के नीचे छुप गया।,fear
247,उसने कहा कि उसने मुझे एक उपहार भेजा है।,surprise
248,उसने कहा कि उसने मुझे एक उपहार भेजा है।,surprise
249,उसने कहा कि उसने मेरे लिए नई किताब खरीदी है।,surprise
250,उसने कहा कि वह मुझे मिलने आ रहा है।,surprise
251,उसने कहा कि वह मुझे शादी में बुलाना चाहता है।,surprise
252,उसने कहा कि वह मुझे सरप्राइज देना चाहता है।,surprise
253,उसने कहा कि वह मुझे सरप्राइज देना चाहता है।,surprise
254,उसने कहा कि हम नया घर खरीद रहे हैं।,surprise
255,उसने देखा कि आईने में उसका अक्स कुछ अजीब कर रहा है और वह घबरा गई जैसे कोई अदृश्य शक्ति उसे नियंत्रित कर रही हो।,fear
256,उसने देखा कि आईने में उसका अक्स कुछ अजीब कर रहा है और वह घबरा गई।,fear
257,उसने देखा कि उसकी खिड़की खुली है जबकि उसने उसे बंद किया था और वह डर के मारे कांपने लगी।,fear
258,उसने देखा कि उसकी टेबल पर एक अनजाना उपहार रखा है और वह आश्चर्यचकित रह गई।,surprise
259,उसने देखा कि उसकी पसंदीदा मिठाई टेबल पर रखी है और वह आश्चर्यचकित रह गया।,surprise
260,उसने देखा कि उसके कमरे में एक बड़ा सा तोहफा रखा है और वह चौंक गई।,surprise
261,उसने देखा कि उसके घर के पास एक विशालकाय पेड़ उग आया है और वह चौंक गया।,surprise
262,उसने पुराने और गंदे खिलौनों को देखा और सोचा कि ये कितने घिनौने हैं।,disgust
263,उसने पुराने टुटे-फुटे बर्तन और गंदे बर्तनों का ढेर देखा और घिन से भर गया।,disgust
264,उसने बगीचे में पड़े हुए गंदे और सड़े हुए पत्तों को देखकर सोचा कि वह यहाँ और नहीं रुक सकता।,disgust
265,उसने बताया कि उसने नई कार खरीदी है।,surprise
266,उसने बताया कि उसने नई कार खरीदी है।,surprise
267,उसने बताया कि मैं क्लास में अव्वल आया हूँ।,surprise
268,उसने बताया कि मैं क्लास में अव्वल आया हूँ।,surprise
269,उसने बताया कि वह मुझे एक खास तोहफा देना चाहता है।,surprise
270,उसने बताया कि हम छुट्टियों पर जा रहे हैं।,surprise
271,उसने बताया कि हम नई जगह घूमने जा रहे हैं।,surprise
272,उसने बताया कि हम नई जगह घूमने जा रहे हैं।,surprise
273,उसने बताया कि हम नए साल की पार्टी रख रहे हैं।,surprise
274,उसने बताया कि हम विदेश यात्रा पर जा रहे हैं।,surprise
275,उसने महसूस किया कि उसकी घड़ी अचानक से बंद हो गई है और वह हैरान रह गया।,surprise
276,उसने महसूस किया कि उसके गहने चोरी हो गए हैं और वह आश्चर्यचकित रह गई।,surprise
277,उसने महसूस किया कि कोई उसके पीछे चल रहा है और वह तेजी से दौड़ने लगी उसका दिल तेज धड़क रहा था और वह पसीने से तर-बतर हो गई।,fear
278,उसने महसूस किया कि कोई उसके पीछे चल रहा है और वह तेजी से दौड़ने लगी।,fear
279,उसने सुना कि उसकी नौकरी में पदोन्नति हो गई है और वह खुशी से चौंक उठा।,surprise
280,उसने सुना कि उसकी पसंदीदा टीम ने मैच जीत लिया है और वह आश्चर्यचकित रह गया।,surprise
281,उसने सुना कि उसकी पसंदीदा फिल्म का सीक्वल आ रहा है और वह चौंक गया।,surprise
282,उसने सुना कि किसी ने आत्महत्या की है और वह उस जगह से जल्दी से निकलने की सोचने लगा।,fear
283,उससे जब कभी भूल-चूक हो उसके कान पकड़ो लेकिन ... श्रीकंठ-लालबिहारी को मैं अब अपना भाई नहीं समझता,angry
284,उसी समय तोता पैरों को जोड़े हुए ऊँची डाल से उतरा जैसे आकाश से कोई तारा टूटे और आ कर पिंजड़े में बैठ गया,surprise
285,उसे अजीब सी आवाजें सुनाई दीं और वह डर के मारे बिस्तर के नीचे छुप गया उसका दिल तेजी से धड़क रहा था।,fear
286,उसे अजीब सी आवाजें सुनाई दीं और वह डर के मारे बिस्तर के नीचे छुप गया।,fear
287,उसे अजीब सी आवाजें सुनाई दीं और वह डर के मारे बिस्तर के नीचे छुप गया।,fear
288,उसे अजीब सी परछाइयां दिखाई देने लगीं और वह डर के मारे कांपने लगी।,fear
289,उसे उम्मीद नहीं थी की भीम सिंह लालच की वजह से इतना नीचे गिर जाएगा,surprise
290,उसे एक पुराने कंबल पर लगे दाग देखकर बहुत नफरत हो रही थी।,disgust
291,उसे किसी के मरने-जीने से क्या मतलब,neutral
292,उसे किसी पेड़ पर अकेले रहने से डर लगता था,fear
293,उसे घर के पिछवाड़े में फैली गंदगी और कचरे के ढेर को देखकर नफरत हो रही थी।,disgust
294,उसे न घर से वास्ता था न बाहर से,sad
295,उसे पुरानी दुकान के भीतर फैली गंदगी और सड़े हुए सामान को देखकर पूरी तरह से उल्टी आ रही थी।,disgust
296,उसे पुराने गंदे कपड़े देखकर अपनी आंखों पर विश्वास नहीं हो रहा था।,disgust
297,उसे फटे हुए और गंदे कंबल को देखकर ऐसा लगा जैसे उसने किसी बहुत ही गंदे स्थान को छुआ हो।,disgust
298,उसे फटे हुए और गंदे गद्दे देखकर ऐसा लगा जैसे उसने किसी गंदगी के ढेर को छू लिया हो।,disgust
299,उसे बगीचे में फैले हुए सड़े हुए फल और सब्जियों को देखकर नफरत और घिन का एहसास हुआ।,disgust
300,उसे संसार में कोई वस्तु अगर प्यारी थी तो वह यही तोता,neutral
301,उसे हर घड़ी यही चिंता रहती थी कि किसी तरह बदला लेने का अवसर मिले,angry
302,ऊंट कराहता हुआ बोला 'जंगल के राजा',fear
303,ए लड़की खबरदार मेरे पास न आना,disgust
304,एक उबर बुक करो,neutral
305,एक ऑटो बुक कर दो जल्दी,neutral
306,एक काम कर दो,neutral
307,एक कैब बुक करदो,neutral
308,एक दिन अचानक बारिश होने लगी और हम बिना छाते के बाहर थे तो हम हैरान रह गए।,surprise
309,एक नंबर ऑफर मिला है,happy
310,एक नंबर काम किया है भाई तूने,happy
311,एक पैसा देकर बैठ जाओ और पच्चीस चक्करों का मजा लो,happy
312,एक बढ़िया सा होटल बुक करो,neutral
313,एक बरतन तक न बचा! कितना दुखद!,sad
314,एक बार में समझ नहीं आया बोला रिचार्ज करने तो,angry
315,एक बालक ने कहा – “ऐसे बैल किसी के पास न होंगे”,surprise
316,एक भी सही चीज नहीं बताई तुमने,angry
317,एक ही बात कितने बार बोलोगे,angry
318,एक-एक प्रश्न जुम्मन के हृदय पर हथौड़े की चोट की तरह पड़ता था,fear
319,एकदम बेकार,angry
320,एजेंट बहुत बड़ा अफसर न सही लेकिन है तो बादशाह का प्रतिनिधि  हाय राम!,fear
321,एप में और सुधार लाओ,sad
322,एप मे दम नहीं है,sad
323,एप से कुछ हेल्प नहीं मिला,sad
324,एप्प का परफॉर्मेंस बहुत खराब है,sad
325,एप्प बार बार फस क्यों रहा है,angry
326,ऐसा कैसे चलेगा,sad
327,ऐसा भुला दिया मानो कभी शोक हुआ ही नहीं,surprise
328,ऐसा लग रहा है दीवार से बात कर रहा हु,angry
329,ऐसी सर्विस की उम्मीद थी आपसे,happy
330,ऐसे कैसे चैनल्स बंद कर दिए आप,angry
331,ऐसे खिलौने लेकर वह क्या करेगा,neutral
332,ऐसे खुश हुए मानो बहुत दिनों के वियोग के बाद उससे भेंट हुई हो,happy
333,ऐसे ही सर्विस हमेशा रहे तो क्या बात है,happy
334,ऑटो मिल गया  यीपी,happy
335,ओए एक बुकिंग कर दे कैब की,neutral
336,ओए होए ! ! !,happy
337,ओए होए ! ! मेरा ट्रैन टिकट बुक हो गया,happy
338,ओए होए सारथी तुमने बहुत अच्छा काम किया,happy
339,ओय मुझे गधा समझा है क्या,angry
340,ओले की मार से बहुत से कौवे घायल हो जमीन पर गिर गए कुछ कौवों की तो मौत भी हो गयी,disgust
341,ओह यह तो आश्चर्यजनक है कि तुमने इतनी मेहनत से यह सब हासिल किया।,surprise
342,ओह यह सचमुच बहुत ही घिनौना है।,disgust
343,ओह!  कहती तो कौन सुनने वाला था,sad
344,ओह! यह तो मेरे लिए बिल्कुल अप्रत्याशित था कि तुमने इतनी जल्दी यह कर दिखाया।,surprise
345,और उन्हें रोने की सुधि न थी,sad
346,और कितना इंतज़ार करवाओगे भाई,angry
347,और क्या क्या कर सकते हो तुम मेेरे लिए,neutral
348,और क्या क्या करता है ये एप,neutral
349,और क्या हालचाल है,neutral
350,और तुम ऐसे बेटे की सिफारिश करती हो?,disgust
351,और तेजी से भाग के बाहर चली गयी,fear
352,और देखते ही देखते वह भी जल कर जिन्न की तरह राख का ढेर हो गई,surprise
353,और सबसे ज्यादा प्रसन्न है हामिद। वाह!,happy
354,और सुनाओ,neutral
355,कई दिन पेड़ के नीचे सोये अल्ला कसम पेड़ के नीचे,sad
356,कई बार यही क्रिया होती है जैसे बिजली की लाखों बत्तियाँ एक साथ प्रदीप्त हों और एक साथ बुझ जायँ और यही क्रम चलता रहा,neutral
357,कब तक एक ही बात बोलोगे,angry
358,कब तक ख़त्म हो जायेंगे मेरे अकाउंट के पैसे,neutral
359,कब तक चलेंगे  इतने पैसे में,neutral
360,कब तक रिचार्ज हो जाएगा मेरा,neutral
361,कब तक सहते सो सब सहपाठिओं ने मिल कर रोहित का बहिष्कार करने का फैसला लिया,disgust
362,कभी आसमान पर जाते हुए मालूम होगें कभी जमीन पर गिरते हुए,neutral
363,कभी तो काम के आओ तुम,angry
364,कभी तो समझ जा एक बार मे,angry
365,कभी-कभी वह चूल्हे के सामने बैठी घंटों रोती,sad
366,कम ऑन मैन,angry
367,कमीने,angry
368,करुण रोदन से घर गूँज उठा,surprise
369,कल का ट्रैन अवेलेबल है,neutral
370,कल की दिल्ली से मुंबई की कोई ट्रैन टिकट है,neutral
371,कहाँ तो लीला को रोते देख उसकी आँखें सजल हो जाती थीं कहाँ अब उसे उदास और शोक-मग्न देखकर झुँझला उठता,sad
372,कहा मर गए,angry
373,कहाँ से होगा बे तेरा रिचार्ज,angry
374,कहा-कब्र में पाँव लटके हुए हैं आज मरे कल दूसरा दिन पर हवस नहीं मानती,disgust
375,कहीं सौ-पचास की चाकरी पा जायगा क्या कह रहे हैं!,fear
376,काने फकीर जहाँ जाएँगे वहीं दुर्भाग्य लाएँगे,fear
377,काफी ठण्ड है,neutral
378,काफी मदद कर दी तूने,happy
379,काम हो गया,neutral
380,कालिंदी इतनी दया करेगी इसकी उसे आशा नहीं थी,surprise
381,काश ये पहले हो जाता,sad
382,काश ये हो पाता यार,sad
383,कितना खूबसूरत होटल था,happy
384,कितना पैसा है मेरे अकाउंट में,neutral
385,कितना सड़ा होटल था,sad
386,कितना सही अप्प है यार,happy
387,कितना सुन्दर संचालन है कितनी सुन्दर व्यवस्था,surprise
388,कितनी बार एक ही चीज़ बोलनी पड़ेगी,angry
389,कितनी बार बोला की मेरा डिश टीवी रिचार्ज करना है,angry
390,किताब में इसकी कितनी बुराइयाँ लिखी हैं,disgust
391,किसने बुलाया था इस निगोड़ी ईद को,disgust
392,किसी ने उन्हें मारा होगा तो मैं उसे जीता नहीं छोड़ूँगा भैया की मौत का बदला जरूर लूँगा,angry
393,किसी ने तो यों ही ऊपरी मन से हूँ-हाँ करके टाल दिया और किसी ने इस अन्याय पर जमाने को गालियाँ दीं,angry
394,किसी ने रेवड़ियाँ ली हैं किसी ने गुलाबजामुन किसी ने सोहन हलवा,happy
395,कुछ ऐसा डील दो यार की मजा  जाए,neutral
396,कुछ ऐसे सज्जन भी थे जिन्हें हास्य-रस के रसास्वादन का अच्छा अवसर मिला,happy
397,कुछ काम का नहीं है ये एप,angry
398,कुछ पैसे है या नहीं मेरे अकाउंट में,neutral
399,कुछ भी करके मेरे पैसे रिवर्ट कराओ,angry
400,कुछ भी नहीं बको बे,angry
401,कुछ भी बोल रहे हो यार,angry
402,कुछ मज़ा नही आया,sad
403,कैब अंदर से काफी गन्दी थी,sad
404,कैब आने में और कितना टाइम है,neutral
405,कैब कब तक आएगा,neutral
406,कैब कहा है भाई,neutral
407,कैब के ड्राइवर ने मुझे बीच में ही उतार दिआ,sad
408,कैब ड्राइवर के अगेंस्ट एक कंप्लेन करो,angry
409,कैब ड्राइवर गधा था,sad
410,कैब ड्राइवर ने मुझे गाली दी,sad
411,कैब ड्राइवर बहुत हेल्पिंग था,happy
412,कैब ड्राइवर बुरा था,sad
413,कैब लोकेशन पर नहीं पहुंची,sad
414,कैब वाले ने फिर से कैंसिल कर दिया,angry
415,कैब वाले ने मुझसे टोल टैक्स भरवाया,sad
416,कैब वाले ने मुझसे ढंग से बात नहीं की,sad
417,कैब वाले ने मुझसे बदतमीजी की,sad
418,कैसा है तू,neutral
419,कैसी घटिया सर्विस है तुम्हारी,angry
420,कैसी विद्वमता है उसके मुख पर! कमाल है!,surprise
421,कोई इक्के-ताँगे पर सवार कोई मोटर पर सभी इत्र में बसे सभी के दिलों में उमंग! वाह!,happy
422,कोई काम के नहीं हो तुम,angry
423,कोई कुलटा घर में आ जायगी और इनका सर्वनाश कर देगी,fear
424,कोसिस करनी चाहिए,neutral
425,कौन सा प्लान परिवार के हिसाब से सही होगा,neutral
426,क्या अभी तुरंत हो जाएगा,neutral
427,क्या आज धुप पड़ेगी,neutral
428,क्या आप बताएंगे मेरे अकाउंट की एक्सपायरी डेट,neutral
429,क्या इतना खर्च करना सही होगा,neutral
430,क्या उन्हें एक अभागिनी माता पर दया नहीं आई?,surprise
431,क्या कमल कर दिया तूने,happy
432,क्या कोई कूपन है तुम्हारे पास,neutral
433,क्या जोरदार काम किया है भाई,happy
434,क्या तुम मेरी हेल्प कर सकते हो,neutral
435,क्या तुमने कभी देखा है कि यह कितना गंदा है?,disgust
436,क्या तुमने कभी सोचा है कि यह गंदगी कितनी परेशान करने वाली है?,disgust
437,क्या तुमने खाना खा लिया,neutral
438,क्या तुमने देखा कि यह कितनी गंदगी से भरा हुआ है?,disgust
439,क्या पागलपंती है ये,angry
440,क्या फालतू इंटरफ़ेस है तुम्हारे एप्प का,angry
441,क्या बकवास पैक्स हैं,angry
442,क्या बतमीज़ी है यार,angry
443,क्या बताओ यार मूड ही ख़राब है,angry
444,क्या बात है,happy
445,क्या बात है यार बढ़िया होटल मिल गया,happy
446,क्या बेकार अप्प है,angry
447,क्या बेकार की बातें कर रहे हो,angry
448,क्या बेकार रिस्पांस है इस एप का,angry
449,क्या मुझे लास्ट डेट बताएंगे,neutral
450,क्या मेरा एक काम करदोगे,neutral
451,क्या मेरा फ्लाइट ऑन टाइम है,neutral
452,क्या मेरे पास पैसे नहीं हैं,surprise
453,क्या मैं चैनल्स ऐड कर सकता हूँ,neutral
454,क्या यार अब तक पैसा नहीं आया,sad
455,क्या रिचार्ज करना चाहिए,neutral
456,क्या लूज़र सा एप है,angry
457,क्या वाकई ऐसा हुआ है? मुझे तो अब भी यकीन नहीं हो रहा है।,surprise
458,क्या वाहियात है यार,angry
459,क्या सही एप है ये,happy
460,क्या हाल चाल है,neutral
461,क्या? तुम्हारे पास इतनी सारी जानकारी कहां से आई? मैं हैरान हूं।,surprise
462,क्या? यह तो बिल्कुल नया है और मुझे इसकी उम्मीद बिल्कुल नहीं थी।,surprise
463,खाना पकाने के बाद बर्तन धोते समय उनमें जमा हुए चिपचिपे दाग देखकर उसने खाना खाने की इच्छा पूरी तरह से छोड़ दी।,disgust
464,खाला ने चिल्ला कर कहा-अरे अल्लाह के बन्दे,surprise
465,खाला बिगड़ गयीं उन्होंने पंचायत करने की धमकी दी,angry
466,खासा पाँच हाथ का जवान है!!अद्भुत!,surprise
467,खिलौना कहीं हाथ से छूट पड़े तो चूर-चूर हो जाय,neutral
468,खुश हुआ मैं,happy
469,खेत में गंदे और सड़े हुए खाद्य पदार्थों को देखकर उसे ऐसा लगा जैसे उसने कोई भयानक दृश्य देख लिया हो।,disgust
470,खेत में फैली गंदगी और सड़े हुए मांस की गंध ने उसे पूरी तरह से असहज कर दिया।,disgust
471,गए गुजरे हो तुम हरामजादे,angry
472,गज़ब का होटल था,happy
473,गंदे और सड़े हुए खाद्य पदार्थों की गंध ने उसके नथुनों को झकझोर दिया और उसे सिरदर्द महसूस होने लगा।,disgust
474,गंदे और सड़े हुए बूट देखने के बाद उसने सोचा कि वह कभी यहाँ वापस नहीं आएगा।,disgust
475,गंदे और सूखे हुए कपड़े देखकर उसकी नजरों में घिन का भाव था।,disgust
476,गंदे पानी की बदबू और उसमें तैर रहे कचरे ने उसके दिल को बहुत ही असहज कर दिया।,disgust
477,गधे के बच्चे बता ये प्रॉब्लम कैसे सॉल्व करूँ मैं,angry
478,गन्दा होटल था,sad
479,गर्मियों में नाले की गंदगी और बदबू ने उसके मन को पूरी तरह से आहत कर दिया।,disgust
480,गवार एप,angry
481,गवार तू जल्दी रिचार्ज करेगा,angry
482,गुड जॉब,happy
483,गुड सर्विस,happy
484,गोविंदी अँधेरे घर में बालक के सिरहाने चिंता में मग्न बैठी थी,fear
485,ग्रामीणों का यह दल इस विषय में बालकों से कम उत्साही नहीं है,neutral
486,ग्रेट एप,happy
487,घटिया सर्विस,angry
488,घर पहुँच उसने अपनी पत्नी को सारा किस्सा सुनाया तो वो भी हक्की बक्की रह गयी,surprise
489,घर में एक काम की चीज हो जायगी,neutral
490,चलो यह करके देखें,neutral
491,चुतियापा बंध करो तुम्हारा,angry
492,चुप चाप मेरे पैसे लौटा,angry
493,चूतिया है क्या ?,angry
494,चेक इन टाइम गलत बताया यार तुमने,sad
495,छोटी छोटी बातों पर उसे झट से गुस्सा आ जाता और उस गुस्से में ना जाने क्या कुछ उल्टा सीधा बोल देता,disgust
496,जंगल में अकेले चलते समय हर आवाज उसे भयभीत कर रही थी जैसे कोई पेड़ के पीछे से उसे देख रहा हो और उसका पीछा कर रहा हो।,fear
497,जंगल में अकेले चलते समय हर आवाज उसे भयभीत कर रही थी।,fear
498,जंगल में फैले हुए गंदे और सड़े हुए पौधों ने उसे पूरी तरह से नफरत से भर दिया।,disgust
499,जंगल में रात बिताने के ख्याल से ही उसके रोंगटे खड़े हो गए और उसने वहां से तुरंत निकलने का फैसला किया।,fear
500,जंगल में रात बिताने के ख्याल से ही उसके रोंगटे खड़े हो गए।,fear
501,जब उसकी दोस्त ने उसे भूतिया किस्से सुनाए तो वह डर के मारे कांपने लगी और उसकी आंखों में भय साफ झलक रहा था।,fear
502,जब उसकी दोस्त ने उसे भूतिया किस्से सुनाए तो वह डर के मारे कांपने लगी।,fear
503,जब उसकी मां ने बताया कि उसके दादाजी उसके बचपन की तस्वीरें लेकर आए हैं तो वह हैरान रह गया।,surprise
504,जब उसके अब्बाजान थैलियाँ और अम्मीजान नियामतें लेकर आयेंगी तो वह दिल से अरमान निकाल लेगा,neutral
505,जब उसके दोस्त ने उसे डरावनी फिल्म की कहानी सुनाई तो वह डर के मारे सो नहीं सका।,fear
506,जब उसके फोन पर अज्ञात नंबर से धमकी भरा संदेश आया तो उसका दिल तेजी से धड़कने लगा और उसने फोन को डर के मारे फेंक दिया।,fear
507,जब उसके फोन पर अज्ञात नंबर से धमकी भरा संदेश आया तो उसका दिल तेजी से धड़कने लगा।,fear
508,जब उसने अपने पुराने घर की तस्वीरें देखीं तो उसकी आंखें खुशी से भर आईं।,surprise
509,जब उसने खिड़की के बाहर एक अजनबी चेहरा देखा तो उसकी सांसें थम गईं और वह डर के मारे अपनी जगह पर जम गई।,fear
510,जब उसने घर के पुराने गंदे बाथरूम को देखा तो उसे ऐसा महसूस हुआ जैसे उसने किसी गंदगी के गड्ढे में कदम रखा हो।,disgust
511,जब उसने जंग लगे हुए और गंदे बर्तन देखे तो उसने खाना खाने का मन ही बदल लिया।,disgust
512,जब उसने झील के तट पर पड़े हुए सड़े हुए मछलियों को देखा तो वह तुरंत वहां से भाग गया।,disgust
513,जब उसने देखा कि उसकी कार के टायर पंचर हो गए हैं तो वह हैरान रह गया।,surprise
514,जब उसने देखा कि उसकी परछाई अचानक गायब हो गई है तो वह डर के मारे जम गई।,fear
515,जब उसने देखा कि उसके पीछे एक काला साया है तो उसका खून जम गया।,fear
516,जब उसने देखा कि उसके प्याले में काले दाग और गंदगी चिपकी हुई है तो उसका चेहरा disgust से भर गया।,disgust
517,जब उसने पुराने फ्रिज के भीतर सड़ी हुई सब्जियाँ देखीं तो उसकी आंखों में घिन और नफरत का भाव था।,disgust
518,जब उसने पुराने काले और सड़े हुए टुकड़े देखे तो उसका दिल ही घिन से भर गया।,disgust
519,जब उसने पुराने गले हुए भोजन को देखा तो उसकी आँखों में नफरत की चमक थी।,disgust
520,जब उसने सुना कि उसका सबसे अच्छा दोस्त शादी कर रहा है तो वह चौंक गई।,surprise
521,जब उसने सुना कि उसके घर के पास किसी ने आत्महत्या की है तो वह डर के मारे सो नहीं सका और पूरी रात जागता रहा।,fear
522,जब उसने सुना कि उसके घर के पास किसी ने आत्महत्या की है तो वह डर के मारे सो नहीं सका।,fear
523,जब उसने सुना कि उसके पड़ोस में एक नया पार्क खुल रहा है तो वह खुशी से चौंक गया।,surprise
524,जब उसने सुना कि किसी ने आत्मा को देखा है तो उसकी आंखों में भय की लकीरें खिंच गईं और उसने खुद को कमरे में बंद कर लिया।,fear
525,जब उसने सुना कि किसी ने आत्मा को देखा है तो उसकी आंखों में भय की लकीरें खिंच गईं।,fear
526,जब उसे पता चला कि उसकी मां ने उसके लिए नया फोन खरीदा है तो वह खुशी से चौंक गई।,surprise
527,जब उसे पता चला कि वह रास्ता भटक गया है और चारों तरफ घना जंगल है तो उसका दिल तेजी से धड़कने लगा।,fear
528,जब उसे पता चला कि वह लॉटरी जीत गया है तो वह खुशी से चौंक उठा।,surprise
529,जब दरवाजे पर जोर से धमाका हुआ तो वह घबराकर चौंक गया।,fear
530,जब भी नानाजी आते वह सहमकर छुप जाता,fear
531,जब मैंने दरवाजा खोला तो देखा कि मेरे पुराने स्कूल के दोस्त खड़े हैं और मैं आश्चर्यचकित रह गया।,surprise
532,जब वही न रहे तो मरना और जीना बराबर था,sad
533,जरा पानी पड़े तो सारा रंग घुल जाय,neutral
534,जल्दी एक ट्रैन का टिकट बुक करो,neutral
535,जल्दी कर यार तू रिचार्ज लौड़े,angry
536,जल्दी डलवा मेरे पैसे इडियट,angry
537,जल्दी से एक काम करना,neutral
538,जहाँ बैठती वहीं बैठी रह जाती,sad
539,जा नहीं करा रहा मैं रिचार्ज,angry
540,जिनको बड़ों का आदर-सम्मान करना चाहिए वे उनके सिर चढ़ते हैं,angry
541,जिस चीज की ओर ताकते ताकते ही रह जाते और पीछे से बार-बार हार्न की आवाज होने पर भी न चेतते! कमाल है!,happy
542,जिस पत्तल में खाओ उसी में छेद करो,disgust
543,जिस पर पूरा भरोसा था उसने समय पड़ने पर धोखा दिया,disgust
544,जिसके लिए यह सारी यातनाएँ झेलनी पड़ीं उसी ने अन्त में बेवफाई की,disgust
545,जुम्मन के चित्त में मित्र की कुटिलता आठों पहर खटका करती थी,angry
546,जुम्मन ने क्रोध से कहा-अब इस वक्त मेरा मुँह न खुलवाओ,angry
547,जुम्मन ने गम्भीर स्वर से जवाब दिया-तो कोई यह थोड़े ही समझा था कि तुम मौत से लड़कर आयी हो,angry
548,जुम्मन शेख आनंद से फूल उठे परंतु भावों को छिपा कर बोले-अलगू ही सही मेरे लिए जैसे रामधन वैसे अलगू,happy
549,जुम्मन हँसे जिस तरह कोई शिकारी हिरन को जाल की तरफ जाते देख कर मन ही मन हँसता है,happy
550,जूते भी तो नहीं हैं,neutral
551,जैसे ही उसने दरवाजा खोला उसे एक डरावनी परछाई दिखाई दी और वह पीछे हट गया।,fear
552,जैसे ही उसने पुरानी किताब खोली उसे एक डरावनी तस्वीर दिखी जिससे वह घबरा गई।,fear
553,जैसे ही उसने पुरानी हवेली के अंदर कदम रखा उसे लगा कि कोई उसकी निगरानी कर रहा है।,fear
554,जैसे ही उसने पुराने कुएं के पास किसी की सिसकियों की आवाज सुनी वह वहां से भाग खड़ा हुआ और पीछे मुड़कर भी नहीं देखा।,fear
555,जैसे ही उसने पुराने कुएं के पास किसी की सिसकियों की आवाज सुनी वह वहां से भाग खड़ा हुआ।,fear
556,जैसे ही वह सुनसान मकान के अंदर घुसा उसे लगा कि कोई उसकी निगरानी कर रहा है और उसकी रीढ़ की हड्डी में सिहरन दौड़ गई।,fear
557,जैसे ही वह सुनसान मकान के अंदर घुसा उसे लगा कि कोई उसकी निगरानी कर रहा है।,fear
558,जो ऐसा न करे तुम उसका सिर उड़ा दो,angry
559,जो कुछ थे बच्चे थे वह कुछ न थी,sad
560,जो चैनल मै नहीं देखता उसके पैसे क्यों दू,neutral
561,जो बोला वो क्यों नहीं करते हो ?,angry
562,झूरी अपने बैलों पर यह आक्षेप न सुन सका – “नमक हराम क्यों हैं,disgust
563,टट्टी एप है ये,angry
564,टिकट कन्फर्म है क्या,neutral
565,टिकट बुक नहीं हुई,sad
566,ट्रेन क्या टाइम स्टेशन पहुंचेगी,neutral
567,ट्रैन की यात्रा  काफी अच्छी थी,happy
568,ट्रैन टिकट अपने आप कैंसिल कैसे हो गयी,sad
569,ट्रैन टिकट बुक कर सकता है तू,neutral
570,ट्रैन ने गांड मार कर रखी है,sad
571,ट्रैन बुकिंग कैसे करू समझ में नहीं आ रहा है,neutral
572,ठीक ठाक एप्प लगता है,neutral
573,ड्राइवर का बर्ताव अच्छा नहीं था,sad
574,ड्राइवर ने कैंसिल कर दिया,sad
575,तब देखेगा मोहसिन नूरे और सम्मी कहाँ से उतने पैसे निकालेंगे,neutral
576,तब मिठाई और खिलौने की दूकान पर धावा होता है,neutral
577,तबसे एक काम नहीं  कर पा रहे हो तुम,angry
578,तभी इन लोगों के पास इतने रूपये आते हैं,neutral
579,तभी उसके कान में कौवों के रोने चिल्लाने की आवाज सुनाई पड़ी,surprise
580,तभी तुम बहुत जानते हो अजी हजरत यह चोरी करते हैं | घिनौना!,disgust
581,तरह-तरह के खिलौने हैं-सिपाही और गुजरिया राजा और वकील भिश्ती और धोबिन और साधु,neutral
582,तीन पैसे में क्या-क्या लोगे,neutral
583,तीन ही पैसे तो उसके पास हैं,neutral
584,तीनों भाई-बहन चुप रहे किंतु चिड़िया ने तपाक से कहा सरकार ईश्वर की माया अपरंपार है,surprise
585,तुझे एक बार मैं समझ नहीं आता क्या,angry
586,तुम एक दम बेवक़ूफ़ हो,angry
587,तुम और बेटर कर सकते हो,sad
588,तुम कभी कुछ समझते ही नहीं हो,angry
589,तुम किस मुँह ऐसी बात कहती हो जाने क्या होगा।,fear
590,तुम किसी काम के नहीं हो बहनचोद,angry
591,तुम ट्रैन का टिकट बुक सकते हो,neutral
592,तुम तो लाजवाब हो,happy
593,तुम तोह काफी इंटेलीजेंट हो,happy
594,तुम बड़े मज़ेदार हो,happy
595,तुम बढ़िया हो यार,happy
596,तुम बढ़िया हो यार,happy
597,तुम बहुत अच्छे हो,happy
598,तुम बहुत स्मार्ट हो,happy
599,तुम बुकिंग करने में इतनी देर क्यों लगाते हो,sad
600,तुम भाग जाओ और कभी मेरे सामने न आना,angry
601,तुम सबसे वाहियाद हो,angry
602,तुमको कुछ समझ में नहीं आता क्या बहनचोद,angry
603,तुमने जो कुछ खिलाया वह सिर झुकाकर खा लिया फिर तुमने हमें इस जालिम के हाथ क्यों बेंच दिया,surprise
604,तुमने तो कमाल कर दिया,happy
605,तुमने पूर्व-जन्म में जरूर कोई पाप किया होगा,sad
606,तुमने मन प्रफुल्लित कर दिया,happy
607,तुमने मुझे बहुत निराश कर दिया,sad
608,तुमसे अच्छा गधे से काम करा लूं,angry
609,तुमसे अच्छा तोह मै खुद ही कर लूं,angry
610,तुमसे कोई काम न होता भोसड़ीके,angry
611,तुमसे नहीं हो पायेगा,angry
612,तुमसे ये उम्मीद नहीं थी,sad
613,तुमसे ये उम्मीद नहीं थी,sad
614,तुम्हरा कोटि कोटि धन्यवाद मेरा अकाउंट रजिस्टर करने के लिए,happy
615,तुम्हरा कोटि कोटि धन्यवाद मेरा मोबाइल नंबर रजिस्टर करने के लिए,happy
616,तुम्हारा कोई जवाब नहीं सारथी,happy
617,तुम्हारी सर्विस से हम खुश है,happy
618,तुम्हारे काम का कोई जवाब नहीं सारथी शाबाश,happy
619,तुम्हारे काम की दाद देता हूँ,happy
620,तुम्हारे बगैर हम लोग क्या करेंगे,fear
621,तुम्हारे वजह से बेज़त्ति हो गयी मेरी,angry
622,तुम्हारे ही सिर यह मुसीबत आयी है,angry
623,तुरंत एक कैब बुलाओ,neutral
624,तू गधा है क्या,angry
625,तू तो बहुत समझदार है,happy
626,तू बस अपना पैक्स डिटेल्स दे नालायक,angry
627,तेरा इधर ध्यान नहीं है,angry
628,तेरी यह हिम्मत कि मुझे डराने को यह रूप रख कर आया है',angry
629,तेरे को एक बार में समझ में नहीं आती क्या,angry
630,त्योहारों के दिन उसे रोते ही कटते थे,sad
631,थैंकयू सारथी! आय लव यू !,happy
632,थैंक्यू वैरी मच,happy
633,थैंक्यू सो मच,happy
634,थैंक्स,happy
635,थैंक्स सारथि,happy
636,थोड़ा और सस्ता फ्लाइट बुक हो सकता था,sad
637,दिमाग खराब कर दिया,angry
638,दिमाग मत ख़राब कर और जल्दी रिचार्ज कर,angry
639,दिल खुश कर दिया तूने,happy
640,दिल जीत लिया तूने,happy
641,दिल पर जो कुछ बीतती थी वह दिल में ही सहती थी ओर जब न सहा गया तो संसार से विदा हो गयी,sad
642,दिल भारी हो रहा था,fear
643,दिल्ली में बारिश होने वाली है क्या,neutral
644,दिवाली में फ्लाइट्स की रेट काफी मेहेंगी हो जाती है,neutral
645,दुनिया का सबसे बेकार एप्प है तुम्हारा,angry
646,देखो भगवान ने मुझे बचा लिया,surprise
647,देखो सब कितने लालची हैं,surprise
648,दो-तीन बीघे ऊसर क्या दे दिया मानो मोल ले लिया है,disgust
649,धन्यवाद भाई,happy
650,धन्यवाद मेरे भाई,happy
651,धन्यवाद मैं खुश हुआ,happy
652,धन्यवाद सारथि,happy
653,धिक्कार है ऐसे जीवन को,disgust
654,न वह आती न यह झंझट होता,disgust
655,न-जाने विश्वविद्यालय में क्या पढ़ता है!,surprise
656,नहीं डलवाऊँगा पैसे मैं साले चोर,angry
657,नहीं अमीना उसे यों न जाने देगी,neutral
658,नाइस,happy
659,नागपुर से मुंबई की २ फ्लाइट टिकट्स बुक करना,neutral
660,नूरे को वकील से प्रेम है! अरे वाह!,happy
661,पकड़ने वाले तो यह लोग खुद हैं लेकिन अल्लाह इन्हें सजा भी खूब देता है,angry
662,पंचों का नाम क्यों नहीं बता देता,angry
663,पड़ोसियों से उसे चिढ़ थी इसलिए कि वे अँगीठी से आग निकाल ले जाते थे,disgust
664,पता नहीं कब पैसे वापस आएँगे,neutral
665,पर महादेव अविचलित गाम्भीर्य से सिर झुकाये सब कुछ सुना करता था,neutral
666,परसों का कोई फ्लाइट टिकट्स दिखाओ अहमदाबाद से ग्वालियर का,neutral
667,परेशान हो गया हूं यार,sad
668,पहाड़ी रास्तों का काटना कठिन उस पर अज्ञातवास की कैद मृत्यु के दूत पीछे लगे हुए जिनसे बचना मुश्किल,fear
669,पागल बना रखा है इस एप ने,angry
670,पुरानी किताबों की गंध और धूल से भरे हुए कमरे में रहना उसे असहनीय लग रहा था।,disgust
671,पुरानी दुकान में गंदे और सड़े हुए सामान को देखकर वह बेहद नाराज हो गया।,disgust
672,पुरानी धूल भरी खिड़कियों और जाले लगे पर्दे को देखकर उसने सोचा कि यह कितनी घिनौनी जगह है।,disgust
673,पुरानी पुस्तकालय में धूल और गंदगी से भरी किताबें देखकर उसे ऐसा लगा जैसे उसने कुछ बहुत ही गंदा देख लिया हो।,disgust
674,पुराने गोदाम में रखे गए गंदे और सड़े हुए सामान की स्थिति देखकर उसकी आँखों में घिन का भाव था।,disgust
675,पुराने गले हुए दवाओं की गंध ने उसे बहुत परेशान किया।,disgust
676,पुस्तकालय के बेतरतीब ढंग से रखे हुए गंदे किताबों को देखकर उसे घिन आ रही थी।,disgust
677,पैर में छाले पड़ जायेंगे। उफ़!,disgust
678,पैसे अभी तक वापस नहीं आए यार,sad
679,पैसे डलवाने के लिए धन्यवाद मेरे यार,happy
680,पैसे डलवाने के लिए शुक्रिया यारा,happy
681,पैसे लौटने की क्या संभाऊंना है,neutral
682,पैसे होते तो लौटते-लौटते सब सामग्री जमा करके चटपट बना लेती। अफसोस!,sad
683,प्रजा में विद्रोह की आग भड़काना कोई भले आदमी का काम है| बुरी बात है।,disgust
684,प्रसव-काल में उसे वे भी अत्याचार सहने पड़े जो अज्ञान मूर्खता और अंधविश्वास ने सौर की रक्षा के लिए गढ़ रखे हैं,angry
685,प्लीज मेरे लिए बैंगलोर में एक होटेल खोजो,neutral
686,फ़क ऑफ़,angry
687,फटा फट एक कैब बुक करना,neutral
688,फिर न जाने कहाँ से एक सौ कर्ज लाये तो बरतन-भांडे आये,surprise
689,फिर ये बेगार किस दिन काम आयेंगे अजीब है।,surprise
690,फ्रिज में सड़े हुए पनीर की गंध ने उसे तुरंत बाहर जाने पर मजबूर कर दिया।,disgust
691,फ्लाइट टिकट अवेलेबल है क्या,neutral
692,फ्लाइट में खाने के लिए भी कुछ बुक कर दो,neutral
693,फ्लाइट में बहुत मज़ा आया,happy
694,फ्लाइट मैं लेगस्पेस इतना काम था,sad
695,बच्चे को खुदा सलामत रखे यें दिन भी कट जायँगे,neutral
696,बच्चों की माता होकर उसकी अब गणना ही न रही थी,sad
697,बड़ी गाड़ी बुक कर सकते हो क्या,neutral
698,बड़े मज़ेदार हो तुम,happy
699,बढ़िया काम किया भाई,happy
700,बढ़िया डील मिला हमे,happy
701,बंदर भी कहीं लिखता है?',surprise
702,बद्तमीज़ स्टाफ था,sad
703,बस फिर क्या था मैना झट से उस बड़े से गड्ढे में जा छुपी,fear
704,बस मशक से पानी उड़ेलना ही चाहता है,neutral
705,बहनचोद,angry
706,बहुत अच्छा कैब ड्राइवर था,happy
707,बहुत अच्छा भाई,happy
708,बहुत कन्फुसिंग इंटरफ़ेस है तुम्हारा,angry
709,बहुत खूब,happy
710,बहुत गर्मी है यार यहाँ,neutral
711,बहुत टाइम लग रहा है बुक हने मे,angry
712,बहुत दुखी हूँ मै तुम्हारे कारण,sad
713,बहुत परेशान करता है ये एप,angry
714,बहुत बढ़िया हुआ कि पैसे समय से पहले आ गए,happy
715,बहुत मज़ा आया,happy
716,बहुत ही उन्दा,happy
717,बहुत ही घटिया एप्प है तुम्हारा,angry
718,बहुत ही निराशाजनक अनुभव था हमारा,sad
719,बहुत ही बकवास वेबसाइट है तुम्हारा भाई,angry
720,बहुत ही बढ़िया,happy
721,बहुत ही वाहियाद सर्विस है होटल की,sad
722,बाग में पहुँचा तो पैर के तलुओं से आग निकल रही थी,fear
723,बात यह है कि हमारा मंत्री हाल ही में मर गया है,surprise
724,बादशाह को यह देखकर आश्चर्य और प्रसन्नता और अधिक हुई,surprise
725,बादशाह खुशी से फूला न समाया,happy
726,बादशाह ने कहा 'तुम्हारे होश-हवास तो ठिकाने हैं,surprise
727,बार बार एक ही चीज़ बोले जा रहे हो,angry
728,बार बार रीस्टार्ट करने से भी वही दिखा रहा *,neutral
729,बाहर क्या टेंपरेचर है,neutral
730,बाहर हवा चलती भीतर देह फुकती थी,sad
731,बिलकुल चाँद का टुकड़ा है अंग-अंग में स्फूर्ति भरी हुई है पोर-पोर में मद झलक रहा है,surprise
732,बीस रूपया महीना पाते हैं लेकिन पचास रूपये घर भेजते हैं,neutral
733,बुकिंग कैसे होगा,neutral
734,बुजुर्ग महिला ने अपने पुराने घर के अंदर फैली गंदगी देखी और तुरंत बाहर चली गई।,disgust
735,बेकार एक्सपीरियंस था होटल में,sad
736,बेकार कैब थी यार,sad
737,बेकार प्लान है इनका,sad
738,बेचारी मैना दर गयी और वहाँ से उड़ने लगी,surprise
739,"बेटी तुम इतनी गुणी हो यह मुझे मालूम ही नहीं था""",surprise
740,"बेटी तुम कैसी बातें करती हो""",surprise
741,बेशिस्त ड्राइवर था,sad
742,बेस्ट हो तुम,happy
743,बेहतरीन,happy
744,बेहतरीन ऐप है भाई,happy
745,बैंगलोर की ट्रेन मिल गई यीपी,happy
746,बैंगलोर में कोई भी होटल बुक कर दो,neutral
747,बैलों ने नांद में मुंह डाला तो फीका-फीका न कोई चिकनाहट न कोई रस,disgust
748,बोली – “कैसे नमक-हराम बैल हैं कि एक दिन वहां काम न किया भाग खड़े हुए”,disgust
749,बोले-यहाँ तक हो गया इस छोकरे का यह साहस,angry
750,भाइयों मैं अकेली किसी कोने में पड़ी रहूँगी और किसी को भी तंग नहीं करूंगी,fear
751,भाई तूने मेरी बहुत हेल्प की है,happy
752,भाई मुझे एक बात बताओ,neutral
753,भाई तू क्यों जिद कर रहा है,angry
754,भूक लगी है और अब तक डिलीवर नहीं किया खाना,sad
755,भूतिया घर के पास से गुजरते हुए उसके पैर कांपने लगे और उसे लगा कि कोई अदृश्य शक्ति उसे अपनी ओर खींच रही है।,fear
756,भैया न रहे तो चिड़िया पेड़ और पानी को पा कर भी मैं क्या करूँगी,fear
757,मक्कार ने मुझे बेकार के लालच में डाल दिया,disgust
758,मजदूर ने रो कर कहा 'भगवान के लिए मुझे छोड़ दो,fear
759,मज़ा आ गया भाई  पैसे ख़तम भी हो गए पर चैनल्स अभी भी चल रहे,happy
760,मजा आ गया यार,happy
761,मज़ा नहीं आया इस बार,sad
762,मदद करने के लिए शुक्रिया,happy
763,मदद के लिए धन्यवाद,happy
764,मन प्रसन्न हो गया मेरा,happy
765,मम्मी रिमझिम की खुशी देखकर मुस्कुरा दी,happy
766,मर्दाने में गाना-बजाना हो रहा था,neutral
767,मस्त बारिश हुई आज वाह,happy
768,मस्त होटल था यार,happy
769,महमूद गिनता है एक-दो दस-बारह उसके पास बारह पैसे हैं,neutral
770,महमूद सिपाही लेता है खाकी वर्दी और लाल पगड़ीवाला कंधे पर बंदूक रखे हुए मालूम होता है अभी कवायद किये चला आ रहा है,neutral
771,महमूद- और मेरा सिपाही घर का पहरा देगा कोई चोर आयेगा तो फौरन बंदूक से फैर कर देगा,neutral
772,महमूद नूरे और सम्मी खूब तालियाँ बजा-बजाकर हँसते हैं,happy
773,महादेव का हृदय उछलने लगा,surprise
774,महादेव ने सिर उठाकर जो पिंजड़े की ओर देखा तो उसका कलेजा सन्न-से हो गया,fear
775,महादेव प्रफुल्लित हो कर दौड़ा और पिंजड़े को उठा कर बोला-'आओ आत्माराम तुमने कष्ट तो बहुत दिया पर मेरा जीवन भी सफल कर दिया,happy
776,महाराज ने दीवान साहब का मुलाहजा किया नहीं तो उसे हिरासत में डलवा देते,fear
777,महारानी मसनद टेककर उठ बैठीं और तिरस्कार-भरे स्वर में बोलीं 'अगर तुमने सोचा था कि मैं तुम्हारे आँसू पोंछूँगी तो तुमने भूल की,angry
778,महीनों कपड़े न बदलती सिर में तेल न डालती,sad
779,माँ जैसे ही दवा की गोली मुँह में रखने लगी तो गोली हाथ से छूट गयी,surprise
780,माँ ने जैसे ही चाय का घूँट लिया तो उसमे चीनी थी ही नहीं |अरे,surprise
781,माँगे का ही तो भरोसा ठहरा,neutral
782,माता-पिता उसकी दशा देख कर मन ही मन कुढ़-कुढ़ कर रह जाते थे,fear
783,मादरचोद,angry
784,मारे क्रोध के उन्होंने मरे हुए बैल पर और दुर्रे लगाये और कोसने लगे-अभागे,angry
785,माशा अल्लाह,happy
786,माशा अल्लाह क्या काम किया है तुमने,happy
787,मुझ पर झूठा चोरी का आरोप लगा रहे हो और बेईमानी से मुझसे हजार अशर्फियाँ ऐंठना चाहते हो,disgust
788,मुझ पर दया करो और मेरा माल मुझे दे दो,fear
789,मुझे इस खराब और सड़े हुए खाद्य पदार्थ से बहुत नफरत हो रही है।,disgust
790,मुझे इस गंदे और सड़े हुए खाद्य पदार्थ को देखकर नफरत हो रही है।,disgust
791,मुझे इस गंदे कपड़े को छूने से भी नफरत है।,disgust
792,मुझे इस गंदे पानी में हाथ डालने से भी नफरत है।,disgust
793,मुझे इस गंदे बर्तन को देखकर नफरत हो रही है।,disgust
794,मुझे इस तरह की बदबू सहन नहीं हो रही है।,disgust
795,मुझे इस सूखे हुए भोजन को देखकर नफरत हो रही है।,disgust
796,मुझे ऐसा मालूम हो रहा है कि वह स्वर्ग की देवी है और केवल मुझ-जैसे दुर्बल प्राणी की रक्षा करने के लिए भेजी गयी है,happy
797,मुझे कुछ समझ में नहीं आ रहा है,angry
798,मुझे क्या और कोई काम नहीं है क्या?,surprise
799,मुझे तुम से बहुत शिकायत है,angry
800,मुझे तुमसे और एक्सपेक्टेशंस थी,sad
801,मुझे तुमसे बात नहीं करनी है,angry
802,मुझे तुमसे ये उम्मीद नहीं थी,sad
803,मुझे तेरे से और उम्मीद थी यार,sad
804,मुझे तो ये एप्प बहुत अच्छा लगता है,happy
805,मुझे पता चला कि मेरे भाई ने नौकरी पा ली है।,surprise
806,मुझे फ्लाइट का टिकट मिल गया वाह,happy
807,मुझे बहुत गुस्सा आ रहा है,angry
808,मुझे ये एप्प बिलकुल अच्छा नहीं लगा,sad
809,मुझे सेफ फील नहीं हो रहा था,sad
810,मुँह में जबान नहीं है,angry
811,मूड ऑफ कर दिया,sad
812,मेरा अकाउंट कब तक चलेगा,neutral
813,मेरा एक काम कर दो,neutral
814,मेरा एक सवाल है,neutral
815,मेरा कैब कैंसिल कर दो,neutral
816,मेरा टाइम बर्बाद कर दिया,angry
817,मेरा ट्रैन टिकट बुक हो गया वाओ ! !,happy
818,मेरा दिमाग ख़राब मत कर और तुरंत रिचार्ज कर,angry
819,मेरा दिमाग खराब हो गया है इसे रास्ता बताते,angry
820,मेरा पैक कब तक चलेगा,neutral
821,मेरा फ्लाइट आखिरकार बुक हो गया हुर्रे ! !,happy
822,मेरा बैलेंस कैसे ख़तम हो सकता है पागल,angry
823,मेरा लड़का ऐसा नालायक होता तो उसका मुँह न देखती,angry
824,मेरा होटल में स्टे अच्छा नहीं था,sad
825,मेरी किस्मत इतनी ख़राब कैसे है,sad
826,मेरी कैब क्यों नहीं आ रही है,angry
827,मेरी ट्रैन का स्टेटस पता करो,neutral
828,मेरी ट्रैन टाइम से चल रही है ना,neutral
829,मेरी फ्लाइट २ घंटा डिले हो गयी,sad
830,मेरी फ्लाइट का क्या स्टेटस है,neutral
831,मेरी फ्लाइट लेट क्यों हुई है,neutral
832,मेरी बुकिंग हो गई क्या,neutral
833,मेरी यात्रा कुशल मंगल थी धन्यवाद,happy
834,मेरी रक्षा उसके लिए आवश्यक है,neutral
835,मेरे अकाउंट का बैलेंस बताये जरा,neutral
836,मेरे अकाउंट में कितना बैलेंस बचा है,neutral
837,मेरे अकाउंट में कितना बैलेंस है,neutral
838,मेरे अकाउंट में कितना राशि बचा है,neutral
839,मेरे अकाउंट से पैसे कैसे कट गए,neutral
840,मेरे को अपने आस पास की होटल दिखाओ,neutral
841,मेरे को एक मदद चाहिए था,neutral
842,मेरे को तुम्हारा सर्विस उतना अच्छा नहीं लगा,sad
843,मेरे को तुम्हारा सर्विस पसंद नहीं आया,sad
844,मेरे चले जाने से इनका सर्वनाश हो जायगा,fear
845,मेरे जन्मदिन पर दोस्तों ने अचानक पार्टी रखी तो मैं हैरान रह गया।,surprise
846,मेरे ट्रैन का बुकिंग फेल हो रहा है बार बार,angry
847,मेरे फ्लाइट  का बुकिंग फेल हो रहा है बार बार,angry
848,मेरे बच्चे को क्या हो गया,fear
849,मेहरबानी आपकी,happy
850,मै अनसैटिस्फाइड हू,sad
851,मैं अब जिन्दगी-भर मातम नहीं मना सकता,angry
852,मै आगे कैसे बढू,neutral
853,मैं इसी चिंता में हूँ कि इन्हें कैसे प्राप्त करूँ,fear
854,मैं उनकी सुरक्षा के लिए डरती रहती हूँ,fear
855,मैं उन्हें कैसे बताता कि मैं कौन हूँ जान बचा कर इधर-उधर भागने लगा,fear
856,मैं कह भी क्या सकता था,fear
857,मै काफी थक गया आज,neutral
858,मै खुश हुआ,happy
859,मै तंग आ चुका हू,angry
860,मै तुमसे नाखुश हू,sad
861,मै तुमसे बहुत क्रोधित हु,angry
862,मै तो बहुत खुश हूँ ये एप्प यूस करके,happy
863,मैं तो यह नहीं पहचानती कि उन पत्थरों में कौन-से मेरे भाई हैं,surprise
864,मै नाराज हु,sad
865,मै निराश हू,sad
866,मैं पिंजड़े में बंद रहती हूँ किंतु संसार की कोई बात नहीं जो मुझे मालूम नहीं है,surprise
867,मै पेमेंट कैसे करू,neutral
868,मै बहुत पीड़ित हु,sad
869,मैं बिलकुल संतुष्ट हूँ इनके सर्विस से,happy
870,मैं सिर झुका कर सब कुछ सुनता रहा,fear
871,मैं सुनकर दंग रह गया कि तुमने इतने कम समय में इतनी प्रगति कर ली।,surprise
872,मै सैटिस्फाइड नहीं हु,sad
873,मैं ही आपके कुल की कलंकिनी हूँ,disgust
874,मैना बहुत घबरा गयी थी,fear
875,मैना बुरी तरह से भीड़ गयी और घबरा कर दूसरी डाल पर जा बैठी,fear
876,मैंने 10 बार कम्प्लेन की है लेकिन कुछ हल नहीं निकल रहा,angry
877,मैंने उसका दामन पकड़ लिया और आँखों में आँसू भर कर चिंचियाने लगा जैसे उससे प्राण रक्षा की भीख माँग रहा हूँ,fear
878,मैंने उसके साथ ऐसा सद्व्यवहार किया और उसने मुझे इसका ऐसा बदला दिया,disgust
879,मैंने जो कैब बुक की थी वह दिखा क्यों नहीं रहा,neutral
880,मैंने देखा कि मेरी खिड़की के बाहर एक इंद्रधनुष है।,surprise
881,मैंने देखा कि मेरी टेबल पर एक उपहार रखा है।,surprise
882,मैंने देखा कि मेरे पास एक अजीब सिक्का है।,surprise
883,मैंने देखा कि मेरे पास एक अजीब सिक्का है।,surprise
884,मैंने देखा कि मेरे बगीचे में नए पौधे उग आए हैं।,surprise
885,मैंने देखा कि मेरे बगीचे में नए फूल खिले हैं।,surprise
886,मोह की इससे सुंदर इससे सजीव इससे भावमय कल्पना नहीं की जा सकती,neutral
887,मोहसिन कहता है- मेरा भिश्ती रोज पानी दे जायगा साँझ-सबेरे,neutral
888,मोहसिन के पास एक दो तीन आठ नौ पंद्रह पैसे हैं,neutral
889,मोहसिन को भिश्ती पसंद आया,neutral
890,मौसम क्या सुहाना है,neutral
891,यद्यपि अभी कोष के हाथ से निकल जाने का भय था पर अभिलाषाओं ने अपना काम शुरू कर दिया,fear
892,यह आदमी नहीं पेड़ गा रहे हैं,surprise
893,यह एक बड़े बादशाह का पुत्र है और जादू के कारण इस दशा को पहुँचा है!,surprise
894,यह कब तक नहीं साफ होगा? इतनी गंदगी देखकर नफरत हो रही है।,disgust
895,यह क्या तुमने अपनी गत बना रखी है,angry
896,यह क्या पेश किया गया है,surprise
897,यह खाना तो बिल्कुल बुरा है मुझे इसे देखकर ही घिन आ रही है।,disgust
898,यह गंदगी इतनी भयानक है कि मुझे यहाँ रहना नहीं आता।,disgust
899,यह गंदगी इतनी भयानक है कि मैं यहाँ बैठ भी नहीं सकती।,disgust
900,यह गंदगी और बदबू मेरे लिए सहन करने लायक नहीं है।,disgust
901,यह गंदा और बासी भोजन मुझे बहुत ही नफरतजनक लग रहा है।,disgust
902,यह झील का पानी तो बहुत गंदा है इसमें तो कोई तैर भी नहीं सकता।,disgust
903,यह तो अविश्वसनीय है कि तुमने इतनी बड़ी उपलब्धि हासिल कर ली।,surprise
904,यह तो खराब हुआ,sad
905,यह तो बहुत अच्छा ऐप है,happy
906,यह तो बहुत ही अजीब और नफरतजनक है।,disgust
907,यह तो बहुत ही गंदा और नफरतजनक लग रहा है।,disgust
908,यह तो बहुत ही गंदा है मैं इसे छू भी नहीं सकती।,disgust
909,यह फैसला सुनते ही जुम्मन सन्नाटे में आ गये,surprise
910,यह बदबू और गंदगी तो मेरे लिए पूरी तरह से नफरतजनक है।,disgust
911,यह बासी और सड़ा हुआ खाना तो बिल्कुल भी खा नहीं सकती।,disgust
912,यह बासी खाना बहुत ही नफरतजनक और अस्वीकार्य है।,disgust
913,यह बासी खाना बहुत ही नफरतजनक है।,disgust
914,यह लोग क्यों इतना धीरे-धीरे चल रहे हैं,neutral
915,यह सड़ा हुआ खाना तो बिल्कुल भी सहन नहीं हो रहा।,disgust
916,यह हैजा-प्लेग आदि व्याधियाँ दुष्कर्मों के ही दंड हैं,angry
917,यह होटल काफी अच्छा था,happy
918,यहाँ तो घंटों चीजें जमा करते लगेंगे,neutral
919,यही तो बिसात है और ईद का त्यौहार अल्लाह ही बेड़ा पार लगावे,neutral
920,यार कब होगा रिचार्ज मेरे अकाउंट का,sad
921,यार कही घूमने चलते है,neutral
922,यार कुछ पल्ले ही नहीं पर रहा,angry
923,यार क्या घटिया सर्विस है,angry
924,यार क्या बकवास कर रहे हो तुम,angry
925,यार फ्लाइट ने जीना हराम कर दिए है,sad
926,यार बार बार इंडिका ही क्यों बुक होता है,angry
927,यार मेरी दिक्कत क्यों नहीं समझ रहे,sad
928,यार मेरे पैसे वापस कब मिलेंगे,sad
929,यार मै बहुत परेशान हो गया हु,sad
930,यार ये तो मख्खन जैसा काम करता है,happy
931,यार ये बहुत सही चीज़ है,happy
932,यीपी  ! ! ! मुझे सस्ती फ्लाइट मिल,happy
933,यीपी ! ! ! मेरा फ्लाइट आखिरकार बुक हो गया,happy
934,यीपी ! ! ! मै जल्दी घर आ गया,happy
935,यू अरे सो स्वीट,happy
936,यू आर गुड,happy
937,यू आर द बेस्ट,happy
938,यूज़लेस,angry
939,यूज़लेस एप,angry
940,ये एप्प इस्तेमाल करके देखे,neutral
941,ये एप्प कभी भी धोखा दे सकती है,sad
942,ये एप्प बहुत फसने लग गया है यार,sad
943,ये ऐप कुछ ख़ास नहीं है,sad
944,ये काम बहुत अच्छा किया तूने,happy
945,ये कैब कहा रह गया यार,angry
946,ये कैब फिरसे से टाइम पे बुक नहीं हुई,sad
947,ये कैब वाला कहा मर गया,angry
948,ये कैसा घटिया प्लान है,angry
949,ये कैसे होगा,neutral
950,ये क्या बकवास है,angry
951,ये क्या है,neutral
952,ये चैनल कैसे चालू करूँ,neutral
953,ये चैनल्स का रेट इतना ज्यादा क्यों कर देते है बार बार,angry
954,ये तो अच्छा है,happy
955,ये तो चौंकाने वाला है कि तुमने इतनी जल्दी यह सब कर दिखाया।,surprise
956,ये देखके उसकी चीख निकल गयी,fear
957,ये दोनों ठहरे कामचोर भाग निकले,disgust
958,ये मज़ेदार है,happy
959,ये होटल अच्छा है,happy
960,ये होटल का प्राइस इतना ज़्यादा क्यों दिखा रहा है,neutral
961,रमजान के पूरे तीस रोजों के बाद ईद आयी है,neutral
962,रसोई में बिखरे हुए गंदे बर्तन और सड़े हुए खाना देखकर उसने सोचा कि वह वहां और नहीं रह सकता।,disgust
963,राजा ने व्यंग्यपूर्ण मुस्कान के साथ पूछा 'यह कौन महिला तुम्हें राजा केकर्त्तव्य का उपदेश दे रही थी,surprise
964,रात के अंधेरे में घर के बाहर फैली गंदगी को देखकर वह बहुत परेशान हो गया।,disgust
965,रात के अंधेरे में सड़क पर पड़े हुए गंदे कचरे और खराब पदार्थों की गंध ने उसे बहुत परेशान किया।,disgust
966,रात के अंधेरे में सड़क पर फैली गंदगी और कचरे को देखकर वह दंग रह गया।,disgust
967,रात के सन्नाटे में अचानक दरवाजे पर जोर से धमाका हुआ जिससे वह घबराकर उठ बैठा और उसकी सांसें तेज हो गईं।,fear
968,रात के समय सूनसान सड़क पर चलते हुए हर परछाई से उसे डर लगने लगा।,fear
969,रात को ये लोग चोरों से तो कहते हैं चोरी करो और आप दूसरे मुहल्ले में जाकर 'जागते रहो,neutral
970,रात में अजनबी की आवाज सुनकर उसके रोंगटे खड़े हो गए और वह डर के मारे कांपने लगी।,fear
971,रात में अजनबी की आवाज सुनकर उसके रोंगटे खड़े हो गए।,fear
972,रात में खिड़की पर अचानक हुई दस्तक से उसकी नींद उड़ गई और वह डर के मारे जाग गई उसकी सांसें तेज हो रही थीं।,fear
973,रात में खिड़की पर अचानक हुई दस्तक से उसकी नींद उड़ गई और वह डर के मारे जाग गई।,fear
974,रात-दिन यही मनाया करती कि भगवान् यहाँ से ले चलो,sad
975,रामधन मिश्र इन प्रश्नों पर मुग्ध हुए जाते थे,happy
976,रामधन मिश्र और जुम्मन के दूसरे विरोधियों ने बुढ़िया को मन में बहुत कोसा,angry
977,रिचार्ज करने के लिए धन्यवाद मेरे हीरो,happy
978,रिमझिम को स्वाति की मम्मी से मिलकर बहुत अच्छा लगा,happy
979,रिमझिम दौड़ कर उसके गले लग गई,happy
980,रीस्टार्ट करने पे भी नहीं हो रहा,sad
981,रुक जा कमबख्त तुझे सजा दूँ,disgust
982,रोज हाथ जला लेती हैं,neutral
983,लंड जैसा काम किया तुमने,angry
984,लंड बॉट है ये,angry
985,शायद कोई गीत गा रहा है,neutral
986,शाबाश,happy
987,शहर के जितने चोर-डाकू हैं सब इनसे मिले रहते हैं| उफ़!,disgust
988,शहर की गंदगी भरी गलियों में चलना उसे एक भयानक अनुभव लग रहा था।,disgust
989,शंका से उसका हृदय काँप रहा है,fear
990,व्हाट ध फ़क,angry
991,वैरी गुड,happy
992,वेस्ट ऑफ टाइम,angry
993,वेग से दौड़ती हुई तृष्णाएँ अकस्मात् न रोकी जा सकती थीं,neutral
994,वे लोग मेरी हालत पर तरस खा कर बगदाद ले आए,disgust
995,वे कहा करते थे-श्रीकंठ अपने बाप से दबता है इसीलिए वह दब्बू है,angry
996,वृक्षों पर अजीब हरियाली है खेतों में कुछ अजीब रौनक है आसमान पर कुछ अजीब लालिमा है| बहुत अच्छा!,happy
997,वूहू ! ! मज़ा आ गया,happy
998,वूहू ! !,happy
999,विक्कू खुश हो गया और हम सब पर भौंकने लगा,surprise
1000,वाह! मैंने कभी नहीं सोचा था कि तुम इस तरह का कोई काम कर सकते हो।,surprise
1001,वाह! बार-बार जेब से अपना खजाना निकालकर गिनते हैं और खुश होकर फिर रख लेते हैं,happy
1002,वाह! कितना मनोहर कितना सुहावना प्रभाव है,happy
1003,वाह! उनकी अपनी जेबों में तो कुबेर का धन भरा हुआ है,happy
1004,वाह यह तो एक अद्भुत खबर है कि तुम्हें इतनी बड़ी सफलता मिली है।,surprise
1005,वाओ ! !,happy
1006,वाओ ! ! ! यार क्या चीज़ बताई है तुमने,happy
1007,वाओ ! ! मेरी ट्रेन जल्दी आ,happy
1008,वाओ बैंगलोर की ट्रेन मिल गई,happy
1009,वाकई तारीफ के काबिल है,happy
1010,वाह ! ! ! क्या मौसम है,happy
1011,वाह ! ! ! सस्ती चीज बता दी यार,happy
1012,वाह भाई क्या बढ़िया डील मिली है,happy
1013,वाह यार सही डिस्काउंट चल रहा,happy
1014,वाह लाजवाब,happy
1015,वह होटल बेकार निकला,sad
1016,वह सारे दिन कुढ़ती रहती,sad
1017,वह रंग ही नहीं रहा,sad
1018,वह दिन-रात काम करता था,neutral
1019,वह डर के मारे कांपने लगी जब उसने महसूस किया कि कोई उसके पीछे खड़ा है।,fear
1020,वह चिल्लाता हुआ अंदर चला गया,fear
1021,वह गंदे और फटे हुए चादर को देखकर बहुत ही अस्वस्थ महसूस कर रहा था।,disgust
1022,वह गंदी झील के किनारे खड़ा था और पानी की बदबू उसे सहन नहीं हो रही थी।,disgust
1023,वह क्या जानें कि अब्बाजान क्यों बदहवास चौधरी कायमअली के घर दौड़े जा रहे हैं,sad
1024,वह उठे मगर पाँव थर-थर काँप रहे थे,fear
1025,वह इसके घर आया और इसे बहाने से यहाँ लाकर कुएँ में गिरा दिया,disgust
1026,वह अपनी जगह पर जम गई जब उसने देखा कि उसकी परछाई अचानक गायब हो गई है।,fear
1027,वह अपनी जगह पर जम गई जब उसने देखा कि उसकी परछाई अचानक गायब हो गई है और उसे लगा कि कोई अदृश्य शक्ति उसके साथ खेल रही है।,fear
1028,लोगों ने विस्मित हो कर देखा तो मिस्टर बालकृष्ण अपनी जगह पर खड़े थे,surprise
1029,लेकिन इतना होनहार होने के बावजूद भी सब सहपाठी उससे से नफरत करते थे,disgust
1030,लेकिन यह बेंच मुझे सबसे अच्छी लगती है,happy
1031,लीला- यह बात कौन नहीं जानता,neutral
1032,लीला- तुम जाओ अपनी महफिल में बैठो तुम्हें मेरी क्या फिक्र पड़ी है,angry
1033,लीला वास्तव में स्वर्ग की देवी है,happy
1034,लीला ने पति के हाथों से खेलते हुए कहा- यहाँ न आती तो तुम्हारा प्रेम कैसे पाती,happy
1035,लीला ने अपने हृदय की ओर उँगली दिखाकर कहा- यहाँ आ बैठो,neutral
1036,लीला को ऐसा क्रोध आया कि इसी समय चलकर इस कुलटा को आड़े हाथों लूँ ऐसा दुत्कारूँ कि वह भी याद करे खड़े-खड़े निकाल दूँ,angry
1037,लीला को इसमें और कोई सुख न था,sad
1038,लीला के पीछे सीतासरन पर भी फटकार पड़ती,angry
1039,लीला की सम्पत्ति को उसकी आँखों के सामने एक छलिनी चुराये लिये जाती थी,angry
1040,लालबिहारी जल गया थाली उठाकर पलट दी और बोला-जी चाहता है जीभ पकड़ कर खींच लूँ,angry
1041,लाजवाब जगह था वह,happy
1042,लाजवाब,happy
1043,ललचायी आँखों से सबकी ओर देखता है,surprise
1044,लड़के कहते-'जब तक दादा जीते हैं हम जीवन का आनंद भोग लें फिर तो यह ढोल गले पड़ेगी ही,disgust
1045,शिट यार फिर से चैनल्स बंद हो गए,sad
1046,शिट यार मेरी फ्लाइट डिले हो गयी,sad
1047,शुक्रिया तुम्हारा,happy
1048,शुक्रिया रिचार्ज करने के लिए दोस्त,happy
1049,श्रीकंठ की आँखें लाल हो गयीं,angry
1050,श्रीकंठ-इसलिए कि मुझे भी अपनी मान-प्रतिष्ठा का कुछ विचार है,angry
1051,सच में? मुझे तो इस बात का बिल्कुल अंदाजा नहीं था कि ऐसा भी हो सकता है।,surprise
1052,सड़क पर पड़े हुए जंगली कूड़े और कचरे ने उसके मन को पूरी तरह से परेशान कर दिया।,disgust
1053,सड़क पर पड़े हुए सड़े हुए फल देखकर उसे वाकई में उल्टी आ रही थी।,disgust
1054,सड़ी हुई मछली की गंध और उसकी स्थिति ने उसे पूरी तरह से परेशान कर दिया।,disgust
1055,सड़ी हुई सब्जियों की गंध ने उसके नथुनों को भर दिया जिससे वह तुरंत वहाँ से भाग गया।,disgust
1056,सड़े हुए आटे की गंध ने उसकी नाक में बहुत असहजता भर दी।,disgust
1057,सड़े हुए बासी चावल की गंध से भरी रसोई ने उसे बहुत परेशान किया।,disgust
1058,सबसे कम टाइम लगने वाली ट्रेन बताओ,neutral
1059,सबसे कम वाली बेस पैक कौन सी है,neutral
1060,सबसे सस्ता फ्लाइट का टिकट बुक कर दो इधर से मुंबई का,neutral
1061,सबसे सस्ती फ्लाइट कैसे पता चलेगी,neutral
1062,समझ नहीं आ रहा यार क्या करूँ मै,neutral
1063,सम्भव है मेरा जीवन उनके निर्दिष्ट मार्ग में बाधक हो,surprise
1064,सम्मी- और मेरी धोबिन रोज कपड़े धोयेगी,neutral
1065,सरदार हाथ जोड़कर बोला 'महाराज क्षमा करें,fear
1066,सर्दियों में घर के बगीचे में पड़े हुए गंदे और सड़े हुए पत्तों ने उसे हिला दिया।,disgust
1067,सर्विस इम्प्रूव करो,sad
1068,सहसा महादेव के कानों में आवाज़ आयी- सत्त गुरुदत्त शिवदत्त दाता राम के चरण में चित्त लागा,surprise
1069,सहसा सीतासरन ने आकर कहा- क्या दिन-भर रोती ही रहोगी,angry
1070,सही है,happy
1071,सारथी की जय हो,happy
1072,सारथी मदद करो,neutral
1073,साले मादरचोद हो तुम,angry
1074,साले मेरा पैसा कब तक आएगा,angry
1075,सीतासरन चलने लगे तो लीला ने उनका हाथ पकड़कर कहा- मैं न जाने दूँगी,fear
1076,सीतासरन नशे में चूर कभी गाता था कभी तालियाँ बजाता था,neutral
1077,सीतासरन ने लज्जित होकर कहा- उसे अँधेरी कोठरी मत कहो लीला,happy
1078,सीतासरन भी पहले तो बहुत रोया-धोया,sad
1079,सुनीता ने आँचल फैलाकर कहा महारानी बहुत सत्य कहती हैं पर अब तो उसका अपराध क्षमा कीजिए कहीं कुछ गलत न हो जाए।,fear
1080,सुन्दर एप है,happy
1081,सूखे भूसे के सिवा कुछ न दूंगी खाएं चाहें मरें,disgust
1082,सेवैयों के लिए दूध ओर शक्कर घर में है या नहीं इनकी बला से ये तो सेवेयाँ खायेंगे,neutral
1083,सॉरी यार गलती हो गयी,sad
1084,स्कूल में लंच के वक़्त कोई भी उसके साथ टिफ़िन नहीं खाता था,fear
1085,स्त्री चिढ़ गयी – “भागे इसलिए कि वे लोग तुम जैसे बुद्धुओं की तरह बैल को सहलाते नहीं खिलाते हैं तो रगड़कर जोतते भी हैं,disgust
1086,स्त्री ने रोब के साथ कहा – “बस तुम्हीं तो बैलों को खिलाना जानते हो और तो सभी पानी पिला-पिलाकर रखते हैं”,disgust
1087,हद है! मैंने सोचा भी नहीं था कि यह संभव हो सकता है।,surprise
1088,हम सही रास्ते जा रहे थे,neutral
1089,हमरी यात्रा सुखद नहीं थी,sad
1090,हमारे जीवन का यही एक अवलम्ब है?  महारानी हद है।,disgust
1091,हमारे द्रोही की सिफारिश लेकर हमारे पास आना इसके सिवा और क्या है कि तुम उसके अपराध को बाल-क्रीड़ा समझ रही हो,angry
1092,हमें आपसे ये उम्मीद नहीं थी,sad
1093,हमेशा ऐसे कैसे हो जाता है बेवकूफ एप,angry
1094,हर जगह नाच-रंग होने लगे,surprise
1095,हरदम खोयी-सी रहती न कपड़े-लत्तो की सुधि थी न खाने-पीने की,sad
1096,हरामज़ादे,angry
1097,हरामी,angry
1098,हलवे-पुलाव की वर्षा-सी की गयी,happy
1099,हंसते हंसते मर न जाऊं मै,happy
1100,हाँ मुझे यह पद और सम्मान प्यारा है,happy
1101,हामिद का बाप अमीना के सिवा और कौन है,neutral
1102,हामिद के पाँव में जूते नहीं हैं सिर पर एक पुरानी-धुरानी टोपी है जिसका गोटा काला पड़ गया है फिर भी वह प्रसन्न है,happy
1103,हामिद के पास कुल तीन पैसे हैं इतने महँगे खिलौने वह कैसे ले! कितना दुखद!,sad
1104,हामिद के लिए कुछ नहीं है तो दो पैसे का दूध तो चाहिए ही,sad
1105,हामिद बिरादरी से पृथक है,sad
1106,हाल फिलहाल में बारिश होने वाली है क्या,neutral
1107,हुर्रे ! ! ! एक नंबर कूपन मिल गया,happy
1108,हुर्रे ! ! ! क्या डील मिली है !,happy
1109,हुर्रे मस्त कैब मिल गयी,happy
1110,हे भगवान !  महाराज मुझे क्या कहेंगे,fear
1111,हे भगवान ! आज ईद का दिन उसके घर में दाना नहीं,sad
1112,हे भगवान ! किसी को पता क्या बीमारी है ?,fear
1113,हे भगवान !हामिद तो मोटर के नीचे जाते-जाते बचा,fear
1114,हे भगवान तू भैया को जिंदा घर लौटा चाहे मेरी मौत भेज दे,fear
1115,हे भगवान! उसे कैसे अकेले मेले जाने दे,fear
1116,हे भगवान! यह कैसे हुआ कि तुमने इतनी बड़ी समस्या का समाधान ढूंढ लिया।,surprise
1117,हेल्प करने के लिए धन्यवाद,happy
1118,हैरानी हुई लेकिन ध्यान से देखने पर पता चला कि कौआ एक मगरमच्छ की पीठ पर बैठा था,surprise
1119,होटल का खाना वाहियात था,sad
1120,होटल की लोकेशन अच्छी नही थी,sad
1121,होटल को कितनी रेटिंग मिली है,neutral
1122,होटल कौन से इलाके में है,neutral
1123,होटल तो ठीक ही था,neutral
1124,होटल तो लाजवाब है,happy
1125,होटल में स्विमिंग पूल और बार नहीं था यार,sad
1126,होटल मेरी एक्सपेक्टेशंस के हिसाब से नहीं था,sad
1127,होटल वाले ने मुझसे ज्यादा पैसा लिया,sad
1128,होटल वालों का बिहेवियर अच्छा नहीं था,sad
1129,होटल से व्यू अच्छा नहीं था,sad
1130,होटल स्टाफ डिसिप्लिंड नहीं था,sad
1131,होते कौन हो आप ऐसा करने वाले,angry
